{"title":"james-socratic","language":"en","mainLibrary":"H5P.SocraticMethod","license":"U","defaultLanguage":"en","embedTypes":["div"],"preloadedDependencies":[{"machineName":"FontAwesome","majorVersion":4,"minorVersion":5},{"machineName":"H5P.Transition","majorVersion":1,"minorVersion":0},{"machineName":"H5P.FontIcons","majorVersion":1,"minorVersion":0},{"machineName":"H5P.JoubelUI","majorVersion":1,"minorVersion":3},{"machineName":"H5P.Question","majorVersion":1,"minorVersion":5},{"machineName":"H5P.TextInputField","majorVersion":1,"minorVersion":2},{"machineName":"H5P.AdvancedText","majorVersion":1,"minorVersion":1},{"machineName":"H5P.SocraticMethod","minorVersion":4,"majorVersion":0}],"extraTitle":"james-socratic"}