{
  "title": "Socratic Method",
  "description": "Ask socratic followup questions",
  "majorVersion": 0,
  "minorVersion": 4,
  "patchVersion": 0,
  "runnable": 1,
  "author": "D2L Labs",
  "license": "MIT",
  "coreApi": {
    "majorVersion": 1,
    "minorVersion": 27
  },
  "machineName": "H5P.SocraticMethod",
  "embedTypes": [
    "iframe"
  ],
  "preloadedJs": [
    {
      "path": "dist/h5p-socratic-method.js"
    }
  ],
  "preloadedCss": [
    {
      "path": "dist/h5p-socratic-method.css"
    }
  ],
  "preloadedDependencies": [
    {
      "machineName": "H5P.Question",
      "majorVersion": 1,
      "minorVersion": 5
    },
    {
      "machineName": "H5P.JoubelUI",
      "majorVersion": 1,
      "minorVersion": 3
    },
    {
      "machineName": "H5P.TextInputField",
      "majorVersion": 1,
      "minorVersion": 2
    },
    {
      "machineName": "H5P.AdvancedText",
      "majorVersion": 1,
      "minorVersion": 1
    }
  ]
}
